address,country,exchanges,focus,hours,last_exchange,members,name,notes,offers,phone,postal,requests,slug,sponsor,url,url_2
"7 Dickens St, Addington",New Zealand,1127,,5973,1 day 6 hours ago,178,Addington TimeBank,"This TimeBank became live on 1 February 2012.  We have been working on its development since October 2011.  The TimeBank has members who are individuals, families who share an email address, and local groups or organisations.  The development has been made possible because of the work of various  agencies and community groups within Addington.  We welcome members from anywhere but expect that most of our members will be from the Southern and Western suburbs of Christchurch - with a particular focus on Addington, of course.  We are particularly keen to involve members of our community in our development over the next two months as we register our members on this site and get used to trading.  Then for the celebration - we are launching our TimeBank with a working bee and fun day at St Mary's in Church Square Addington on 24 March 2012. ",34,"<div class=""views-field-phone"">
<label class=""views-label-phone"">
        Phone:
      </label>
<span class=""field-content"">64 3 3381613</span>
</div>","Christchurch, Canterbury 8024",26,timebanks/addington-timebank,"<div class=""views-field-field-tb-sponsor-value"">
<label class=""views-label-field-tb-sponsor-value"">
        Sponsoring Agency:
      </label>
<span class=""field-content"">Addington Community House (Inc)</span>
</div>",http://addington.timebanks.org,
"331 Sterling Highway, PO BOX 3493 (mailing address)",United States,439,,1375,2 years 40 weeks ago,207,AHA Time Bank (Alaskans Helping Alaskans),,0,"<div class=""views-field-phone"">
<label class=""views-label-phone"">
        Phone:
      </label>
<span class=""field-content"">907-299-2060</span>
</div>","Homer, Alaska 99603",0,timebanks/aha-time-bank-alaskans-helping-alaskans,,http://aha.timebanks.org,
"Entrada al Refugio Tierra Colorada Baja , PO Box 337",Guatemala,none (start up),,none (start up),none (start up),2,Alticultura,,0,"<div class=""views-field-phone"">
<label class=""views-label-phone"">
        Phone:
      </label>
<span class=""field-content"">1150230873516</span>
</div>","Quetzaltenango, Quetzaltenango 9001",0,timebanks/alticultura,"<div class=""views-field-field-tb-sponsor-value"">
<label class=""views-label-field-tb-sponsor-value"">
        Sponsoring Agency:
      </label>
<span class=""field-content"">Alticultura</span>
</div>",http://alticultura.timebanks.org,
2889 E. Center St,United States,2,,3,3 years 11 weeks ago,8,Anderson Community Timebank,,0,"<div class=""views-field-phone"">
<label class=""views-label-phone"">
        Phone:
      </label>
<span class=""field-content"">530-365-6183</span>
</div>","Anderson, California 96007",0,timebanks/anderson-community-timebank,"<div class=""views-field-field-tb-sponsor-value"">
<label class=""views-label-field-tb-sponsor-value"">
        Sponsoring Agency:
      </label>
<span class=""field-content"">Shasta Thrive</span>
</div>",http://andersoncommunity.timebanks.org,
298 School Circle,United States,1,,5,1 year 29 weeks ago,8,Appalachian Time Exchange,,4,"<div class=""views-field-phone"">
<label class=""views-label-phone"">
        Phone:
      </label>
<span class=""field-content"">(706) 530-0114</span>
</div>","Blairsville, Georgia 30512",4,timebanks/appalachian-time-exchange,"<div class=""views-field-field-tb-sponsor-value"">
<label class=""views-label-field-tb-sponsor-value"">
        Sponsoring Agency:
      </label>
<span class=""field-content"">Unity of Blairsville</span>
</div>",http://ate.timebanks.org,
39 S Market St B,United States,none (start up),,none (start up),none (start up),2,Asheville TimeBank,ot listed,0,"<div class=""views-field-phone"">
<label class=""views-label-phone"">
        Phone:
      </label>
<span class=""field-content"">828 484 6369</span>
</div>","Asheville, North Carolina 28801",0,timebanks/asheville-timebank,,http://avl.timebanks.org,
123 Uptown,United States,2179,,4889,3 weeks 6 days ago,58,Athens Time Exchange,,89,"<div class=""views-field-phone"">
<label class=""views-label-phone"">
        Phone:
      </label>
<span class=""field-content"">5555555555</span>
</div>","ATHENS, Ohio 45701",79,node/797,,http://atx.timebanks.org,
Quiniac,France,7,,14,1 year 45 weeks ago,11,Banque de Pièces d'Heures du Labo,,0,"<div class=""views-field-phone"">
<label class=""views-label-phone"">
        Phone:
      </label>
<span class=""field-content"">33290991598</span>
</div>","Saint-Nolff,  56250",0,timebanks/le-labo-du-nautilus,,http://labodunautilus.timebanks.org,
642 Happy Hollow,United States,74,,384,3 weeks 3 days ago,37,Black Hills Time Banking,,3,"<div class=""views-field-phone"">
<label class=""views-label-phone"">
        Phone:
      </label>
<span class=""field-content"">605-440-2710</span>
</div>","Hot Springs, South Dakota 57747",2,timebanks/black-hills-time-banking,,http://blackhills.timebanks.org,
"30 Germania St. , Bldg. L",United States,193,,1110,1 day 10 hours ago,170,Boston Ujima Time Bank,,59,"<div class=""views-field-phone"">
<label class=""views-label-phone"">
        Phone:
      </label>
<span class=""field-content"">787-315-1616</span>
</div>","Jamaica Plain, Massachusetts 02130",48,timebanks/jamaica-plain-time-exchange,,http://ujimaboston.timebanks.org,
15 Grove Street,United States,17346,,52055,10 hours 27 min ago,170,Brattleboro Time Trade,,158,"<div class=""views-field-phone"">
<label class=""views-label-phone"">
        Phone:
      </label>
<span class=""field-content"">802-246-1199</span>
</div>","BRATTLEBORO, Vermont 05301",194,timebanks/brattleboro-time-trade,"<div class=""views-field-field-tb-sponsor-value"">
<label class=""views-label-field-tb-sponsor-value"">
        Sponsoring Agency:
      </label>
<span class=""field-content"">Post Oil Solutions</span>
</div>",http://brattleboro.timebanks.org,
10 Highview Lane,New Zealand,1036,,6040,1 day 6 hours ago,172,Bridge2Rocks TimeBank,,23,"<div class=""views-field-phone"">
<label class=""views-label-phone"">
        Phone:
      </label>
<span class=""field-content"">+64 3 3267087</span>
</div>","Christchurch,  8081",29,timebanks/bridge2rocks-timebank-christchurch,,http://bridge2rocks.timebanks.org,
12 Caleb's Lane,United States,10962,,26235,6 hours 26 min ago,124,Cape Ann TimeBank,,105,"<div class=""views-field-phone"">
<label class=""views-label-phone"">
        Phone:
      </label>
<span class=""field-content"">978-219-6776</span>
</div>","Rockport, Massachusetts 01966",120,timebanks/cape-ann-timebank,,http://capeann.timebanks.org,
112 E. Fifth Ave.,United States,393,,907,4 days 11 hours ago,49,CARE Timebank,,11,"<div class=""views-field-phone"">
<label class=""views-label-phone"">
        Phone:
      </label>
<span class=""field-content"">715-610-0339</span>
</div>","Antigo, Wisconsin 54409",4,timebanks/care-connecting-antigos-resources-effectively-timebank,"<div class=""views-field-field-tb-sponsor-value"">
<label class=""views-label-field-tb-sponsor-value"">
        Sponsoring Agency:
      </label>
<span class=""field-content"">CoVantage Credit Union</span>
</div>",http://care.timebanks.org,
Nikiti,Greece,5,,6,1 year 5 weeks ago,2,CareTimeBank.com by Engaging Team,,0,"<div class=""views-field-phone"">
<label class=""views-label-phone"">
        Phone:
      </label>
<span class=""field-content"">302375111444</span>
</div>","Chalkidiki, Central Macedonia 63088",0,timebanks/engaging,,http://engaging.timebanks.org,
"101 Nelson Street , PO Box 99",United States,831,,2038,3 days 15 hours ago,107,Cazenovia TimeBank/CRIS,,31,"<div class=""views-field-phone"">
<label class=""views-label-phone"">
        Phone:
      </label>
<span class=""field-content"">315-655-5743</span>
</div>","Cazenovia, New York 13035",33,timebanks/cris-timebank,,http://cris.timebanks.org,
"1210 N 9th St, Unit 22",United States,none (start up),,none (start up),none (start up),4,Central Iowa Network,,0,"<div class=""views-field-phone"">
<label class=""views-label-phone"">
        Phone:
      </label>
<span class=""field-content"">515-689-4647</span>
</div>","Indianola, Iowa 50125",0,timebanks/central-iowa-network,,http://centraliowa.timebanks.org,
1239 S. 14th Street,United States,56,,102,4 weeks 2 days ago,70,Central Lincoln Skillshare Collective,,16,"<div class=""views-field-phone"">
<label class=""views-label-phone"">
        Phone:
      </label>
<span class=""field-content"">4023123158</span>
</div>","Lincoln, Nebraska 68502",13,timebanks/central-lincoln-skillshare-collective,"<div class=""views-field-field-tb-sponsor-value"">
<label class=""views-label-field-tb-sponsor-value"">
        Sponsoring Agency:
      </label>
<span class=""field-content"">Near South Neighborhood Association</span>
</div>",http://lincolnskillshare.timebanks.org,
"4 Settlement Road, RD 2",New Zealand,none (start up),,none (start up),none (start up),2,Central NZ Permaculture Timebank,,0,"<div class=""views-field-phone"">
<label class=""views-label-phone"">
        Phone:
      </label>
<span class=""field-content"">63642138</span>
</div>","Otaki, Wellington 5582",0,timebanks/central-nz-permaculture-timebank,,http://nzcentralpermaculture.timebanks.org,
"3163 Richter Street, Suite 416",Canada,none (start up),,none (start up),none (start up),5,ChangeXChange.io,,0,"<div class=""views-field-phone"">
<label class=""views-label-phone"">
        Phone:
      </label>
<span class=""field-content"">250-860-5686</span>
</div>","Kelowna, British Columbia V1W3R4",0,timebanks/changexchangeio,,http://changexchange.timebanks.org,
"1441 Kapiolani Blvd., Suite 1114",United States,none (start up),,none (start up),none (start up),2,Circlenomic,,0,"<div class=""views-field-phone"">
<label class=""views-label-phone"">
        Phone:
      </label>
<span class=""field-content"">(808) 468-0102</span>
</div>","Honolulu, Hawaii 96814",0,timebanks/circlenomic,,http://circlenomic.timebanks.org,
2699 York St,United States,none (start up),,none (start up),none (start up),8,City Park Timebank,,4,"<div class=""views-field-phone"">
<label class=""views-label-phone"">
        Phone:
      </label>
<span class=""field-content"">303-817-0995</span>
</div>","Denver, Colorado 80205",4,timebanks/north-city-park-timebank,,http://citypark.timebanks.org,
5853 Robert Oliver Place,United States,6304,,14388,4 days 6 hours ago,286,Columbia Community Exchange of Howard County,,116,"<div class=""views-field-phone"">
<label class=""views-label-phone"">
        Phone:
      </label>
<span class=""field-content"">410-884-6121</span>
</div>","Columbia, Maryland 21045",106,timebanks/columbia-community-exchange-howard-county,"<div class=""views-field-field-tb-sponsor-value"">
<label class=""views-label-field-tb-sponsor-value"">
        Sponsoring Agency:
      </label>
<span class=""field-content"">The Columbia Association</span>
</div>",http://columbia.timebanks.org,
#404 622 Front Street,Canada,6,,18,1 week 10 hours ago,22,Come Unity Slocan Valley TimeBank,,6,"<div class=""views-field-phone"">
<label class=""views-label-phone"">
        Phone:
      </label>
<span class=""field-content"">250-226-0006</span>
</div>","Nelson, British Columbia V1L 4B7",7,timebanks/come-unity-slocan-valley-timebank,"<div class=""views-field-field-tb-sponsor-value"">
<label class=""views-label-field-tb-sponsor-value"">
        Sponsoring Agency:
      </label>
<span class=""field-content"">WorldSign Communications Society</span>
</div>",http://slocanvalley.timebanks.org,
,,625,,7712,3 years 36 weeks ago,453,Common Wealth Time Bank,This TimeBank is currently dormant. Please email Don Hall at likeawildriver@gmail.com if you have any interest in helping to revive it. ,10,,,9,timebanks/common-wealth-time-bank,,http://manasota.timebanks.org,
"333 W. Union St., 2nd Floor, Unit 1",United States,30189,,209340,3 weeks 15 hours ago,223,Community Exchange,,6879,"<div class=""views-field-phone"">
<label class=""views-label-phone"">
        Phone:
      </label>
<span class=""field-content"">610-820-7605</span>
</div>","Allentown, Pennsylvania 18102",6855,node/948,"<div class=""views-field-field-tb-sponsor-value"">
<label class=""views-label-field-tb-sponsor-value"">
        Sponsoring Agency:
      </label>
<span class=""field-content"">Neighborhood Health Centers of the Lehigh Valley</span>
</div>",http://tdn.timebanks.org,
"2 Westview Ave, (c/o J Quinn)",United States,377,,963,2 weeks 2 days ago,18,Community Sharing Exchange (CSE),,80,"<div class=""views-field-phone"">
<label class=""views-label-phone"">
        Phone:
      </label>
<span class=""field-content"">802-318-5329</span>
</div>","North Salem, New York 10560",76,timebanks/community-sharing-exchange-cse,,http://cse.timebanks.org,
Aiken Way,United States,1427,,4876,2 days 6 hours ago,58,Community Skill Exchange,,41,"<div class=""views-field-phone"">
<label class=""views-label-phone"">
        Phone:
      </label>
<span class=""field-content"">916/455-9259</span>
</div>","Sacramento, California 95819",45,timebanks/community-skill-exchange-sacramento,"<div class=""views-field-field-tb-sponsor-value"">
<label class=""views-label-field-tb-sponsor-value"">
        Sponsoring Agency:
      </label>
<span class=""field-content"">none</span>
</div>",http://communityskillexchange.timebanks.org,
40 School Road,Canada,60,,101,4 days 11 hours ago,88,Community Skill Exchange-Richmond County TimeBank,"Our vision is to create individual and community well-being by encouraging equality, respect and support   “Strengthening Community One Hour at a Time”",76,"<div class=""views-field-phone"">
<label class=""views-label-phone"">
        Phone:
      </label>
<span class=""field-content"">902-587-2800</span>
</div>","L'Ardoise, Nova Scotia B0E1S0",17,timebanks/commmunity-skill-exchange-richmond-county-timebank,"<div class=""views-field-field-tb-sponsor-value"">
<label class=""views-label-field-tb-sponsor-value"">
        Sponsoring Agency:
      </label>
<span class=""field-content"">Dr Kingston Memorial Community Health Centre</span>
</div>",http://richmondcounty.timebanks.org,
7417 Road 506,Canada,none (start up),,none (start up),none (start up),2,Contribute and Thrive North Frontenac,,0,"<div class=""views-field-phone"">
<label class=""views-label-phone"">
        Phone:
      </label>
<span class=""field-content"">9059800243</span>
</div>","Plevna, Ontario K0H2M0",0,timebanks/contribute-and-thrive-north-frontenac,"<div class=""views-field-field-tb-sponsor-value"">
<label class=""views-label-field-tb-sponsor-value"">
        Sponsoring Agency:
      </label>
<span class=""field-content"">Canada Society</span>
</div>",http://northfrontenac.timebanks.org,
27730 Morton Rd.,United States,5,,22,3 years 18 weeks ago,11,Cottage In The Woods,,0,"<div class=""views-field-phone"">
<label class=""views-label-phone"">
        Phone:
      </label>
<span class=""field-content"">832-233-8871</span>
</div>","Katy, Texas 77493",0,timebanks/cottage-woods,,http://katytx.timebanks.org,
219 East Williams St,United States,22423,,68760,5 hours 31 min ago,426,Crooked River Alliance of TimeBanks,,244,"<div class=""views-field-phone"">
<label class=""views-label-phone"">
        Phone:
      </label>
<span class=""field-content"">330-807-4842</span>
</div>","Kent, Ohio 44240",288,node/1007,,http://crookedriver.timebanks.org,
600 West Walnut Street,United States,none (start up),,none (start up),none (start up),2,Danville Dollar Timebank,,0,"<div class=""views-field-phone"">
<label class=""views-label-phone"">
        Phone:
      </label>
<span class=""field-content"">857-719-3183</span>
</div>","Danville, Kentucky 40422",0,timebanks/danville-dollar-timebank,,http://danvilledollars.timebanks.org,
406 Elm St NW,United States,361,,1080,5 weeks 3 days ago,219,DC TimeBank,,42,"<div class=""views-field-phone"">
<label class=""views-label-phone"">
        Phone:
      </label>
<span class=""field-content"">4435625856</span>
</div>","washington, District Of Columbia 20001",38,node/953,,http://dc.timebanks.org,
1304 N. Rodney Street,United States,405,,1285,1 year 6 weeks ago,127,Delaware Hour Exchange,,0,"<div class=""views-field-phone"">
<label class=""views-label-phone"">
        Phone:
      </label>
<span class=""field-content"">302-656-2721</span>
</div>","Wilmington, Delaware 19806-4227",0,timebanks/delaware-hour-exchange,,http://dhe.timebanks.org,
Washingtom,United States,43,,94,1 year 23 weeks ago,42,Demonstration Site for CW,The Community Weaver 3 demonstration site.,8,,"Washington, District Of Columbia 00000",6,timebanks/demonstration-cw-3,,http://democw3.timebanks.org,
527 Boardwalk Lane,United States,4,,5,1 year 23 weeks ago,52,Denton Time Exchange,,1,"<div class=""views-field-phone"">
<label class=""views-label-phone"">
        Phone:
      </label>
<span class=""field-content"">972-971-9345</span>
</div>","Denton, Texas 76201",1,timebanks/denton-time-exchange,,http://denton.timebanks.org,
"174 Princes Street, Post- PO Box 422",New Zealand,642,,5337,3 hours 42 min ago,100,Dunedin TimeBank,,34,"<div class=""views-field-phone"">
<label class=""views-label-phone"">
        Phone:
      </label>
<span class=""field-content"">03 4560359</span>
</div>","Dunedin,  9054",35,timebanks/dunedin-timebank,"<div class=""views-field-field-tb-sponsor-value"">
<label class=""views-label-field-tb-sponsor-value"">
        Sponsoring Agency:
      </label>
<span class=""field-content"">Malcam Charitable Trust</span>
</div>",http://dunedin.timebanks.org,
804 Old Fayetteville St.,United States,none (start up),,none (start up),none (start up),8,Durham Timebank,,0,"<div class=""views-field-phone"">
<label class=""views-label-phone"">
        Phone:
      </label>
<span class=""field-content"">919-259-4518</span>
</div>","Durham, North Carolina 27701",0,timebanks/durham-timebank,"<div class=""views-field-field-tb-sponsor-value"">
<label class=""views-label-field-tb-sponsor-value"">
        Sponsoring Agency:
      </label>
<span class=""field-content"">Durham for All</span>
</div>",http://durham.timebanks.org,
2204 River Ridge Drive,United States,none (start up),,none (start up),none (start up),4,East Asheville Neighbors Network,,0,"<div class=""views-field-phone"">
<label class=""views-label-phone"">
        Phone:
      </label>
<span class=""field-content"">828-989-8591</span>
</div>","Asheville, North Carolina 28803",0,timebanks/east-asheville-neighbors-network,,http://eann.timebanks.org,
4212 Omega Ave.,United States,224,,800,9 weeks 5 days ago,92,Eastbay Area Reciprocity Network,,12,"<div class=""views-field-phone"">
<label class=""views-label-phone"">
        Phone:
      </label>
<span class=""field-content"">510-889-8132</span>
</div>","Castro Valley, California 94546",15,timebanks/eastbay-area-reciprocity-network-earn,,http://earn.timebanks.org,
"O'Rourke Place, Whakatane -,  PO Box 2025, Kopeopeo",New Zealand,5640,,19596,1 week 8 hours ago,192,Eastbay TimeBank,,35,"<div class=""views-field-phone"">
<label class=""views-label-phone"">
        Phone:
      </label>
<span class=""field-content"">07 308 0198</span>
</div>","Whakatane, Bay of Plenty 3159",36,node/949,,http://eastbay.timebanks.org,
"46 Coleridge Street, Lyttelton",New Zealand,10,,119,2 years 27 weeks ago,6,FabLabChch,,0,"<div class=""views-field-phone"">
<label class=""views-label-phone"">
        Phone:
      </label>
<span class=""field-content"">6421388245</span>
</div>","Christchurch, Canterbury 8013",0,timebanks/fablabchch,"<div class=""views-field-field-tb-sponsor-value"">
<label class=""views-label-field-tb-sponsor-value"">
        Sponsoring Agency:
      </label>
<span class=""field-content"">Fabriko Ltd.</span>
</div>",http://fablabchch.timebanks.org,
1327 Hayes Ave.,United States,1,,1,26 weeks 4 days ago,5,Fairbanks Time Bank,,0,"<div class=""views-field-phone"">
<label class=""views-label-phone"">
        Phone:
      </label>
<span class=""field-content"">(832) 566-6648</span>
</div>","Fairbanks, Alaska 99709",1,timebanks/fairbanks-time-bank,"<div class=""views-field-field-tb-sponsor-value"">
<label class=""views-label-field-tb-sponsor-value"">
        Sponsoring Agency:
      </label>
<span class=""field-content"">Fairbanks Climate Action Coalition</span>
</div>",http://fairbanks.timebanks.org,
68 Broadway,New Zealand,3,,12,30 weeks 3 days ago,33,Far North Timebank,,1,"<div class=""views-field-phone"">
<label class=""views-label-phone"">
        Phone:
      </label>
<span class=""field-content"">274973757</span>
</div>","Kaikohe, Northland 281",1,timebanks/far-north-timebank,"<div class=""views-field-field-tb-sponsor-value"">
<label class=""views-label-field-tb-sponsor-value"">
        Sponsoring Agency:
      </label>
<span class=""field-content"">Far North Resilient Communities Charitable Trust</span>
</div>",http://farnorth.timebanks.org,
175 West Sierra Avenue,United States,none (start up),,none (start up),none (start up),2,Farmster Timebank,,0,"<div class=""views-field-phone"">
<label class=""views-label-phone"">
        Phone:
      </label>
<span class=""field-content"">916-749-8970</span>
</div>","Cotati, California 94931",0,timebanks/farmster-timebank,"<div class=""views-field-field-tb-sponsor-value"">
<label class=""views-label-field-tb-sponsor-value"">
        Sponsoring Agency:
      </label>
<span class=""field-content"">MarinLink</span>
</div>",http://farmster.timebanks.org,
"1017 Ranch Road 620 S. , Suite 222",United States,1,,1,2 years 17 weeks ago,6,Flourish Wellness Professionals Co-Op,,0,"<div class=""views-field-phone"">
<label class=""views-label-phone"">
        Phone:
      </label>
<span class=""field-content"">512 298 3286</span>
</div>","Lakeway, Texas 78734",0,timebanks/flourish-wellness-professionals-co-op,"<div class=""views-field-field-tb-sponsor-value"">
<label class=""views-label-field-tb-sponsor-value"">
        Sponsoring Agency:
      </label>
<span class=""field-content"">Flourish Counseling &amp; Mental Wellness Center</span>
</div>",http://flourish.timebanks.org,
256 W. Patrick Street,United States,721,,1599,5 days 12 hours ago,91,Frederick TimeBank,,48,"<div class=""views-field-phone"">
<label class=""views-label-phone"">
        Phone:
      </label>
<span class=""field-content"">617-319-1162</span>
</div>","Frederick, Maryland 21701",50,timebanks/frederick-time-bank,,http://frederick.timebanks.org,
202 29 Ave NE,Canada,1,,1,1 year 35 weeks ago,15,GHOOD Calgary Timebank,,0,"<div class=""views-field-phone"">
<label class=""views-label-phone"">
        Phone:
      </label>
<span class=""field-content"">1 (403) 831-4503</span>
</div>","Calgary, Alberta T2E 2C1",0,timebanks/ghood-calgary,,http://ghoodcalgary.timebanks.org,
5811 Lindo Paseo,United States,none (start up),,none (start up),none (start up),1,Girls Fraternity,,0,"<div class=""views-field-phone"">
<label class=""views-label-phone"">
        Phone:
      </label>
<span class=""field-content"">619-609-7274</span>
</div>","San Diego, California 92115",0,timebanks/girls-fraternity,"<div class=""views-field-field-tb-sponsor-value"">
<label class=""views-label-field-tb-sponsor-value"">
        Sponsoring Agency:
      </label>
<span class=""field-content"">Girls Fraternity</span>
</div>",http://karma.timebanks.org,
50 glendale st 106,United States,none (start up),,none (start up),none (start up),2,Globetable,,0,"<div class=""views-field-phone"">
<label class=""views-label-phone"">
        Phone:
      </label>
<span class=""field-content"">4154650992</span>
</div>","San francisco, California 94114",0,timebanks/globetable,,http://globetable.timebanks.org,
"930 Harvest Drive, Suite 230",United States,14,,30,4 weeks 3 days ago,24,Good Neighbors Time Bank,,11,"<div class=""views-field-phone"">
<label class=""views-label-phone"">
        Phone:
      </label>
<span class=""field-content"">6109417012</span>
</div>","BlueBell, Pennsylvania 19422",5,timebanks/good-neighbors-time-bank,"<div class=""views-field-field-tb-sponsor-value"">
<label class=""views-label-field-tb-sponsor-value"">
        Sponsoring Agency:
      </label>
<span class=""field-content"">KenCrest</span>
</div>",http://goodneighborstb.timebanks.org,
111 S Texas St.,United States,4,,13,3 years 4 weeks ago,14,Gospel Mission Time Bank,,9,"<div class=""views-field-phone"">
<label class=""views-label-phone"">
        Phone:
      </label>
<span class=""field-content"">575-519-4610</span>
</div>","Silver City, New Mexico 88061",9,timebanks/scgm,"<div class=""views-field-field-tb-sponsor-value"">
<label class=""views-label-field-tb-sponsor-value"">
        Sponsoring Agency:
      </label>
<span class=""field-content"">Silver City Gospel Mission</span>
</div>",http://scgm.timebanks.org,
Main St.,United States,513,,1165,5 days 7 hours ago,49,Great Bay Timebank,,34,"<div class=""views-field-phone"">
<label class=""views-label-phone"">
        Phone:
      </label>
<span class=""field-content"">603-868-3310</span>
</div>","Durham, New Hampshire 03290",36,timebanks/great-bay-timebank,,http://greatbay.timebanks.org,
3438 E. 137 St,United States,10,,25,3 years 3 weeks ago,8,Greater Buckeye Community TimeSharing,,0,"<div class=""views-field-phone"">
<label class=""views-label-phone"">
        Phone:
      </label>
<span class=""field-content"">440-321-2956</span>
</div>","Cleveland, Ohio 44120",0,timebanks/greater-cleveland-community-timebank,,http://gct.timebanks.org,
17300 Van Aken Blvd,United States,59,,99,44 weeks 4 days ago,51,Greater Heights Community TimeBank,,12,"<div class=""views-field-phone"">
<label class=""views-label-phone"">
        Phone:
      </label>
<span class=""field-content"">216-561-4800</span>
</div>","Shaker Heights, Ohio 44120",12,timebanks/greater-heights-community-timebank,"<div class=""views-field-field-tb-sponsor-value"">
<label class=""views-label-field-tb-sponsor-value"">
        Sponsoring Agency:
      </label>
<span class=""field-content"">Heights Christian Church</span>
</div>",http://greaterheights.timebanks.org,
10 Carden Street,Canada,326,,1282,31 weeks 7 hours ago,202,Guelph Wellington TimeBank,,102,"<div class=""views-field-phone"">
<label class=""views-label-phone"">
        Phone:
      </label>
<span class=""field-content"">519-836-0917</span>
</div>","Guelph, Ontario N1H 3A2",103,timebanks/guelph-wellington-timebank,"<div class=""views-field-field-tb-sponsor-value"">
<label class=""views-label-field-tb-sponsor-value"">
        Sponsoring Agency:
      </label>
<span class=""field-content"">Transition Guelph</span>
</div>",http://gwtb.timebanks.org,
29350 Maple Ave,United States,23,,111,10 weeks 1 day ago,9,Habitat for Humanity Choptank,,10,"<div class=""views-field-phone"">
<label class=""views-label-phone"">
        Phone:
      </label>
<span class=""field-content"">4104763204</span>
</div>","Trappe, Maryland 21673",10,timebanks/habitat-humanity-choptank,"<div class=""views-field-field-tb-sponsor-value"">
<label class=""views-label-field-tb-sponsor-value"">
        Sponsoring Agency:
      </label>
<span class=""field-content"">Habitat for Humanity Choptank</span>
</div>",http://choptank.timebanks.org,
10421 Motor City Drive,United States,none (start up),,none (start up),none (start up),2,Healthy Outcomes Win Inc,,0,"<div class=""views-field-phone"">
<label class=""views-label-phone"">
        Phone:
      </label>
<span class=""field-content"">240-389-4875</span>
</div>","Bethesda, Maryland 20817",0,timebanks/healthy-outcomes-win-inc,"<div class=""views-field-field-tb-sponsor-value"">
<label class=""views-label-field-tb-sponsor-value"">
        Sponsoring Agency:
      </label>
<span class=""field-content"">Healthy Outcomes Win, Inc.</span>
</div>",http://healthyoutcomeswin.timebanks.org,
"140 Commonwealth Ave, History Dept",United States,38,,47,2 years 3 weeks ago,31,History of Money Class At BC,,0,"<div class=""views-field-phone"">
<label class=""views-label-phone"">
        Phone:
      </label>
<span class=""field-content"">617-552-2557</span>
</div>","Chestnut Hill, Massachusetts 02467",0,timebanks/history-money-class-bc-0,,http://bc-historyofmoney.timebanks.org,
21 Keepsake,United States,none (start up),,none (start up),none (start up),1,Hope Xchange Timebank,,0,"<div class=""views-field-phone"">
<label class=""views-label-phone"">
        Phone:
      </label>
<span class=""field-content"">707-307-3938</span>
</div>","Irvine, California 92618",0,timebanks/hope-xchange-timebank,,http://hopexchange.timebanks.org,
6914 N Brookside Rd,United States,49,,106,1 year 35 weeks ago,42,Hour 4 Our World,,3,"<div class=""views-field-phone"">
<label class=""views-label-phone"">
        Phone:
      </label>
<span class=""field-content"">816-256-3818</span>
</div>","Pleasant Valley, Missouri 64068",3,timebanks/hour-4-our-world,,http://hour4ourworld.timebanks.org,
"6795 E Tennessee Avenue, Suite 250",United States,25,,60,20 weeks 1 day ago,38,Hour Community Interfaith TimeBank,,19,"<div class=""views-field-phone"">
<label class=""views-label-phone"">
        Phone:
      </label>
<span class=""field-content"">3039290606</span>
</div>","Denver, Colorado 80224",19,timebanks/hour-community-interfaith-timebank,"<div class=""views-field-field-tb-sponsor-value"">
<label class=""views-label-field-tb-sponsor-value"">
        Sponsoring Agency:
      </label>
<span class=""field-content"">Colorado African Organization is the initiating organization of the timebank.</span>
</div>",http://hourcommunityinterfaith.timebanks.org,
445 S. Madison St.,United States,113,,114,2 weeks 2 days ago,47,Innovative Services Employee Timebank,,9,"<div class=""views-field-phone"">
<label class=""views-label-phone"">
        Phone:
      </label>
<span class=""field-content"">920-431-0962</span>
</div>","Green Bay, Wisconsin 54301",9,timebanks/innovative-services-employee-timebank,"<div class=""views-field-field-tb-sponsor-value"">
<label class=""views-label-field-tb-sponsor-value"">
        Sponsoring Agency:
      </label>
<span class=""field-content"">Innovative Services, Inc.</span>
</div>",http://isiinc.timebanks.org,
PO Box 162,United States,16,,49,18 weeks 4 days ago,66,Jefferson Community Time Bank,,8,"<div class=""views-field-phone"">
<label class=""views-label-phone"">
        Phone:
      </label>
<span class=""field-content"">617-460-5282</span>
</div>","Charles Town, West Virginia 25414",8,timebanks/jefferson-community-time-bank,"<div class=""views-field-field-tb-sponsor-value"">
<label class=""views-label-field-tb-sponsor-value"">
        Sponsoring Agency:
      </label>
<span class=""field-content"">Sustainable Jefferson County</span>
</div>",http://jeffersoncommunity.timebanks.org,
"45 Monmouth Rd, The White House in Oakhurst",United States,117,,189,1 year 2 weeks ago,37,Jersey Shore Timebank,,3,"<div class=""views-field-phone"">
<label class=""views-label-phone"">
        Phone:
      </label>
<span class=""field-content"">2405052357</span>
</div>","Oakhurst, New Jersey 07755",3,timebanks/jersey-shore-timebank,,http://jerseyshore.timebanks.org,
"8 South Road, The EcoCentre",New Zealand,2160,,11046,21 hours 16 min ago,118,Kaitaia  TimeBank,,77,"<div class=""views-field-phone"">
<label class=""views-label-phone"">
        Phone:
      </label>
<span class=""field-content"">Rebecca  021 408 989</span>
</div>","Kaitaia, Northland 0410",80,timebanks/kaitaia-timebank,,http://kaitaia.timebanks.org,
4 Settlement Road,New Zealand,none (start up),,none (start up),none (start up),3,Kapiti 50 +,,0,"<div class=""views-field-phone"">
<label class=""views-label-phone"">
        Phone:
      </label>
<span class=""field-content"">63642138</span>
</div>","RD 2 Otaki, Wellington 5582",0,timebanks/kapiti-50-timebank,,http://kapiti50.timebanks.org,
7365 McGowan's Ferry Road,United States,none (start up),,none (start up),none (start up),1,Kentucky Light Community (KLC),,0,"<div class=""views-field-phone"">
<label class=""views-label-phone"">
        Phone:
      </label>
<span class=""field-content"">859-539-3438</span>
</div>","Versailles, Kentucky 40383",0,timebanks/kentucky-light-community-klc,,http://klc.timebanks.org,
Kruis Street,South Africa,1,,2,3 years 23 weeks ago,4,Khokha,,0,"<div class=""views-field-phone"">
<label class=""views-label-phone"">
        Phone:
      </label>
<span class=""field-content"">27765122512</span>
</div>","Johannesburg, Gauteng 2000",0,timebanks/khokha,"<div class=""views-field-field-tb-sponsor-value"">
<label class=""views-label-field-tb-sponsor-value"">
        Sponsoring Agency:
      </label>
<span class=""field-content"">Economic Democracy</span>
</div>",http://khokha.timebanks.org,
"420 S Chester St, c/o Civilization Systems",United States,72,,179,21 weeks 5 days ago,120,LetsBMore,,15,"<div class=""views-field-phone"">
<label class=""views-label-phone"">
        Phone:
      </label>
<span class=""field-content"">4437404751</span>
</div>","Baltimore, Maryland 21231",20,timebanks/letsbmore,,http://letsbmore.timebanks.org,
118 Fifth Ave,United States,none (start up),,none (start up),none (start up),11,Margination Mutual Support Network,,0,"<div class=""views-field-phone"">
<label class=""views-label-phone"">
        Phone:
      </label>
<span class=""field-content"">415-261-3149</span>
</div>","Troy, New York 12180",0,timebanks/margination-mutual-support-network,"<div class=""views-field-field-tb-sponsor-value"">
<label class=""views-label-field-tb-sponsor-value"">
        Sponsoring Agency:
      </label>
<span class=""field-content"">Margination</span>
</div>",http://margination.timebanks.org,
998 Catherine Street,United States,5,,5,1 year 46 weeks ago,6,Meadville Time Trade,,0,"<div class=""views-field-phone"">
<label class=""views-label-phone"">
        Phone:
      </label>
<span class=""field-content"">814-853-5412</span>
</div>","Meadville, Pennsylvania 16335",0,timebanks/meadville-time-trade,,http://meadville.timebanks.org,
"44 Cass St., Community House",New Zealand,1355,,4283,19 hours 23 min ago,152,Mid Canterbury TimeBank,,40,"<div class=""views-field-phone"">
<label class=""views-label-phone"">
        Phone:
      </label>
<span class=""field-content"">64 33081237</span>
</div>","Ashburton, Canterbury 7700",76,timebanks/mid-canterbury-timebank,"<div class=""views-field-field-tb-sponsor-value"">
<label class=""views-label-field-tb-sponsor-value"">
        Sponsoring Agency:
      </label>
<span class=""field-content"">Connecting Mid Canterbury</span>
</div>",http://midcanterbury.timebanks.org,
"The buszy, 401 Elder gate",United Kingdom,161,,414,3 years 13 weeks ago,29,MK TimeBank,,1,"<div class=""views-field-phone"">
<label class=""views-label-phone"">
        Phone:
      </label>
<span class=""field-content"">01908 231312</span>
</div>","Milton Keynes, Buckinghamshire mk9 1lr",1,timebanks/mk-timebank,"<div class=""views-field-field-tb-sponsor-value"">
<label class=""views-label-field-tb-sponsor-value"">
        Sponsoring Agency:
      </label>
<span class=""field-content"">MK TimeBank is run by Make a Difference. A non profit in the UK www.mad-uk.org</span>
</div>",http://mk.timebanks.org,
P O Box 243,United States,2,,4,2 years 12 weeks ago,5,Mountaineer Time Exchange,,0,"<div class=""views-field-phone"">
<label class=""views-label-phone"">
        Phone:
      </label>
<span class=""field-content"">304-258-9879</span>
</div>","Great Cacapon, West Virginia 25422",0,timebanks/mountaineer-time-exchange,,http://mttimeexchange.timebanks.org,
Invercargill,New Zealand,117,,371,14 weeks 6 days ago,67,Murihiku Time Exchange,The world's most Southern time bank!!,10,"<div class=""views-field-phone"">
<label class=""views-label-phone"">
        Phone:
      </label>
<span class=""field-content"">0210-875-8085</span>
</div>","Invercargill, Southland 9812",5,timebanks/murihiku-time-exchange,,http://murihiku.timebanks.org,
"Dominion Building, Victoria Street",New Zealand,none (start up),,none (start up),none (start up),17,MWDI HINEPRENEUR,,0,"<div class=""views-field-phone"">
<label class=""views-label-phone"">
        Phone:
      </label>
<span class=""field-content"">64 4 499 6504</span>
</div>","Wellington, Wellington 6011",0,timebanks/mwdi-hinepreneur,,http://mwdi.timebanks.org,
502 N Trade Street,United States,263,,2245,3 weeks 2 days ago,465,NBN Neighborhood Network,,18,"<div class=""views-field-phone"">
<label class=""views-label-phone"">
        Phone:
      </label>
<span class=""field-content"">336-865-5016</span>
</div>","Winston Salem, North Carolina 27105",9,timebanks/nbn-neighborhood-network,"<div class=""views-field-field-tb-sponsor-value"">
<label class=""views-label-field-tb-sponsor-value"">
        Sponsoring Agency:
      </label>
<span class=""field-content"">Neighbors For Better Neighborhoods</span>
</div>",http://nbnneighborhoodnetwork.timebanks.org,
114 Carol St,United States,31,,34,16 weeks 5 days ago,18,NC Piedmont DSA Time Bank,,9,"<div class=""views-field-phone"">
<label class=""views-label-phone"">
        Phone:
      </label>
<span class=""field-content"">404-585-1840</span>
</div>","Carrboro, North Carolina 27510",4,timebanks/piedmont-time-bank,"<div class=""views-field-field-tb-sponsor-value"">
<label class=""views-label-field-tb-sponsor-value"">
        Sponsoring Agency:
      </label>
<span class=""field-content"">North Carolina Piedmont DSA</span>
</div>",http://piedmont.timebanks.org,
1618 B Alcatraz Avenue,United States,none (start up),,none (start up),none (start up),3,Neighborhood Village,,0,"<div class=""views-field-phone"">
<label class=""views-label-phone"">
        Phone:
      </label>
<span class=""field-content"">510-652-7442</span>
</div>","Berkeley, California 94703",0,timebanks/neighborhood-village,,http://theneighborhoodvillage.timebanks.org,
935 Echo Lane,United States,53,,152,2 years 38 weeks ago,17,NERD,,0,"<div class=""views-field-phone"">
<label class=""views-label-phone"">
        Phone:
      </label>
<span class=""field-content"">713-469-8572</span>
</div>","Houston, Texas 77024",0,timebanks/nerd,,http://nerd.timebanks.org,
"715 Harvard Ave, 121 Park Ave",United States,199,,341,15 hours 35 min ago,127,Nether-Swarthmore TimeBank,,35,"<div class=""views-field-phone"">
<label class=""views-label-phone"">
        Phone:
      </label>
<span class=""field-content"">(610) 543-4599</span>
</div>","Swarthmore, Pennsylvania 19081",28,timebanks/timebank-swarthmore,"<div class=""views-field-field-tb-sponsor-value"">
<label class=""views-label-field-tb-sponsor-value"">
        Sponsoring Agency:
      </label>
<span class=""field-content"">Swarthmore Community Center</span>
</div>",http://nether-swarthmore.timebanks.org,
303 Wilson Ave,United States,778,,2060,1 day 15 hours ago,145,New River Valley TimeBank,,64,"<div class=""views-field-phone"">
<label class=""views-label-phone"">
        Phone:
      </label>
<span class=""field-content"">not listed</span>
</div>","Blacksburg, Virginia 24060",58,timebanks/new-river-valley-timebank,"<div class=""views-field-field-tb-sponsor-value"">
<label class=""views-label-field-tb-sponsor-value"">
        Sponsoring Agency:
      </label>
<span class=""field-content"">NRV HOME</span>
</div>",http://nrv.timebanks.org,
3929 Fourth St,United States,1216,,2804,4 days 9 hours ago,362,NOLA TimeBank,"NOLA TimeBank’s mission is to increase the social capital among diverse groups of individuals and neighborhoods in Orleans Parish by promoting resource exchange, cooperation, community-building, and access to alternative work and learning opportunities.",156,"<div class=""views-field-phone"">
<label class=""views-label-phone"">
        Phone:
      </label>
<span class=""field-content"">504-439-4530</span>
</div>","NEW ORLEANS, Louisiana 70125",156,node/1322,"<div class=""views-field-field-tb-sponsor-value"">
<label class=""views-label-field-tb-sponsor-value"">
        Sponsoring Agency:
      </label>
<span class=""field-content"">Neighborhoods Partnership Network</span>
</div>",http://nola.timebanks.org,
5209 Deerhurst Drive,United States,none (start up),,none (start up),none (start up),5,Norman Timebank,,2,"<div class=""views-field-phone"">
<label class=""views-label-phone"">
        Phone:
      </label>
<span class=""field-content"">405-317-3955</span>
</div>","Norman, Oklahoma 73069",2,timebanks/norman-timebank,,http://norman.timebanks.org,
1328 Bruce St,United States,none (start up),,none (start up),none (start up),3,Northern California Counties Time Bank,,0,"<div class=""views-field-phone"">
<label class=""views-label-phone"">
        Phone:
      </label>
<span class=""field-content"">1-530-588-4231</span>
</div>","Chico, California 95928",0,timebanks/northern-california-counties-time-bank,,http://ncc.timebanks.org,
268 Newton Swartswood Road,United States,1599,,4245,5 weeks 1 day ago,136,Northwest New Jersey TimeBank,,34,"<div class=""views-field-phone"">
<label class=""views-label-phone"">
        Phone:
      </label>
<span class=""field-content"">973.903.2895</span>
</div>","Newton, New Jersey 7860",26,timebanks/northwest-new-jersey-timebank,"<div class=""views-field-field-tb-sponsor-value"">
<label class=""views-label-field-tb-sponsor-value"">
        Sponsoring Agency:
      </label>
<span class=""field-content"">Transition Newton</span>
</div>",http://northwestnewjersey.timebanks.org,
2499 Kapiolani Blvd,United States,31,,86,3 years 23 weeks ago,87,Oahu Timebank,,0,"<div class=""views-field-phone"">
<label class=""views-label-phone"">
        Phone:
      </label>
<span class=""field-content"">224 725-0669</span>
</div>","Honolulu, Hawaii 96826",0,timebanks/oahu-timebank,"<div class=""views-field-field-tb-sponsor-value"">
<label class=""views-label-field-tb-sponsor-value"">
        Sponsoring Agency:
      </label>
<span class=""field-content"">Aloha Resiliency</span>
</div>",http://oahu.timebanks.org,
10239 Ojai Santa Paula Road,United States,60,,106,7 weeks 5 days ago,40,Ojai Time Exchange,,37,"<div class=""views-field-phone"">
<label class=""views-label-phone"">
        Phone:
      </label>
<span class=""field-content"">805 427 1932</span>
</div>","Ojai, California 93023",25,timebanks/ojai-time-exchange,,http://ojai.timebanks.org,
46 Barre St.,United States,16444,,49320,8 hours 34 min ago,162,Onion River Exchange,,201,"<div class=""views-field-phone"">
<label class=""views-label-phone"">
        Phone:
      </label>
<span class=""field-content"">802-661-8959</span>
</div>","Montpelier, Vermont 05602",203,node/863,"<div class=""views-field-field-tb-sponsor-value"">
<label class=""views-label-field-tb-sponsor-value"">
        Sponsoring Agency:
      </label>
<span class=""field-content"">Onion River Exchange</span>
</div>",http://orexchange.timebanks.org,
"c/- 115 Waerenga Road,",New Zealand,2778,,7396,6 weeks 6 days ago,74,Otaki Timebank,,7,"<div class=""views-field-phone"">
<label class=""views-label-phone"">
        Phone:
      </label>
<span class=""field-content"">06 364 6832</span>
</div>","Otaki, Wellington 5512",8,timebanks/otaki-timebank,"<div class=""views-field-field-tb-sponsor-value"">
<label class=""views-label-field-tb-sponsor-value"">
        Sponsoring Agency:
      </label>
<span class=""field-content"">Transition Town Otaki</span>
</div>",http://otaki.timebanks.org,
220 W. Market,United States,10,,23,2 years 42 weeks ago,6,Our Community Time Bank,,1,"<div class=""views-field-phone"">
<label class=""views-label-phone"">
        Phone:
      </label>
<span class=""field-content"">567-204-9721</span>
</div>","Lima, Ohio 45801",1,timebanks/our-community-time-bank,,http://ourcommunity.timebanks.org,
"1640 Good Hope Rd. SE,",United States,49,,253,1 year 47 weeks ago,32,Our Sharing Community At Bread,,0,"<div class=""views-field-phone"">
<label class=""views-label-phone"">
        Phone:
      </label>
<span class=""field-content"">2024808913</span>
</div>","Washington, District Of Columbia 20020",0,timebanks/our-sharing-community-bread,,http://oscab.timebanks.org,
102 S. Main St.,United States,160,,231,1 year 37 weeks ago,44,Our TimeBank of Washington County,,14,"<div class=""views-field-phone"">
<label class=""views-label-phone"">
        Phone:
      </label>
<span class=""field-content"">414-335-8219</span>
</div>","West Bend, Wisconsin 53095",14,timebanks/our-timebank-washington-county,,http://washingtoncountywi.timebanks.org,
"200 Federal St., Suite 300",United States,5,,8,3 years 39 weeks ago,19,Pay It Forward Bank,,18,"<div class=""views-field-phone"">
<label class=""views-label-phone"">
        Phone:
      </label>
<span class=""field-content"">6092543577</span>
</div>","Camden, New Jersey 8103",18,timebanks/pay-it-forward-bank,,http://pay4wardbank.timebanks.org,
"2237 Kimberton Rd, PO Box 964",United States,11890,,40956,1 day 12 hours ago,167,Phoenixville Area Time Bank,Email: pa.timedollar@gmail.com for more information.,51,"<div class=""views-field-phone"">
<label class=""views-label-phone"">
        Phone:
      </label>
<span class=""field-content"">6106089281</span>
</div>","Phoenixville, Pennsylvania 19460",66,node/1009,,http://patb.timebanks.org,
206 Mungavin Avenue,New Zealand,116,,234,7 weeks 3 days ago,23,Porirua TimeBank,,3,"<div class=""views-field-phone"">
<label class=""views-label-phone"">
        Phone:
      </label>
<span class=""field-content"">276886970</span>
</div>","Porirua, Wellington 5243",5,timebanks/porirua-timebank,"<div class=""views-field-field-tb-sponsor-value"">
<label class=""views-label-field-tb-sponsor-value"">
        Sponsoring Agency:
      </label>
<span class=""field-content"">Wesley Wellington Mission Inc</span>
</div>",http://porirua.timebanks.org,
"3738 Chouteau Avenue, Suite 200",United States,none (start up),,none (start up),none (start up),2,PrideCenter STL,,0,"<div class=""views-field-phone"">
<label class=""views-label-phone"">
        Phone:
      </label>
<span class=""field-content"">314-317-0077</span>
</div>","St. Louis, Missouri 63110",0,timebanks/pridecenter-stl,,http://pridestl.timebanks.org,
68 Austral Parade,Australia,363,,864,1 year 49 weeks ago,77,Project Bunbury,,5,"<div class=""views-field-phone"">
<label class=""views-label-phone"">
        Phone:
      </label>
<span class=""field-content"">405581973</span>
</div>","Bunbury,  6230",8,timebanks/project-bunbury,,http://projectbunbury.timebanks.org,
1601 W Stiles St,United States,106,,342,1 week 6 days ago,31,Reciprocity Time Bank,,41,"<div class=""views-field-phone"">
<label class=""views-label-phone"">
        Phone:
      </label>
<span class=""field-content"">267-606-0992</span>
</div>","Philadelphia, Pennsylvania 19121",44,timebanks/reciprocity,"<div class=""views-field-field-tb-sponsor-value"">
<label class=""views-label-field-tb-sponsor-value"">
        Sponsoring Agency:
      </label>
<span class=""field-content"">Womanist Working Collective</span>
</div>",http://reciprocity.timebanks.org,
1327 Grandin Rd. SW,United States,3,,7,1 year 32 weeks ago,12,Roanoke Valley Time Bank,,0,"<div class=""views-field-phone"">
<label class=""views-label-phone"">
        Phone:
      </label>
<span class=""field-content"">540-339-6362</span>
</div>","Roanoke, Virginia 24016",0,timebanks/roanoke-valley-time-bank,,http://rvtb.timebanks.org,
3401 Paris Blvd,United States,none (start up),,none (start up),none (start up),5,Scouts,,3,"<div class=""views-field-phone"">
<label class=""views-label-phone"">
        Phone:
      </label>
<span class=""field-content"">614-638-4004</span>
</div>","Westerville, Ohio 43081",3,timebanks/scouts,,http://scouts.timebanks.org,
390 Morris Street,United States,1922,,4451,5 hours 3 min ago,216,Sebastopol Area Time Bank,,123,"<div class=""views-field-phone"">
<label class=""views-label-phone"">
        Phone:
      </label>
<span class=""field-content"">707-861-8463</span>
</div>","Sebastopol, California 95472",125,timebanks/sebastopol-area-time-bank,"<div class=""views-field-field-tb-sponsor-value"">
<label class=""views-label-field-tb-sponsor-value"">
        Sponsoring Agency:
      </label>
<span class=""field-content"">Sebastopol Community Cultural Center</span>
</div>",http://sebastopolarea.timebanks.org,
457 Capistrano Drive,United States,5161,,16941,2 years 27 weeks ago,157,Sobrante Park Time Banking,,0,"<div class=""views-field-phone"">
<label class=""views-label-phone"">
        Phone:
      </label>
<span class=""field-content"">510-777-9262</span>
</div>","Oakland, California 94603",0,node/912,,http://sobrantepark.timebanks.org,
1185 Macfarlane Ave,United States,80,,335,4 hours 26 min ago,17,Spring Hill FL Time Bank,,15,"<div class=""views-field-phone"">
<label class=""views-label-phone"">
        Phone:
      </label>
<span class=""field-content"">727-517-1148</span>
</div>","Spring Hill, Florida 34608",6,timebanks/spring-hill-fl-time-bank,,http://springhillfl.timebanks.org,
"12727 Coursey Blvd, Apt 1087",United States,2,,29856,25 weeks 6 days ago,9,Spurt Time Bank,,2,"<div class=""views-field-phone"">
<label class=""views-label-phone"">
        Phone:
      </label>
<span class=""field-content"">856-533-2423</span>
</div>","Baton Rouge, Louisiana 70816",2,node/1330,,http://spurt.timebanks.org,
2138 7th Avenue North,United States,3189,,7558,5 hours 59 min ago,162,St. Pete Time Bank,,177,"<div class=""views-field-phone"">
<label class=""views-label-phone"">
        Phone:
      </label>
<span class=""field-content"">727.835.8463</span>
</div>","St. Petersburg, Florida 33713",201,timebanks/everyday-hero-exchange,,http://stpete.timebanks.org,
1212 Canyon Blvd,United States,2,,7,15 weeks 6 days ago,125,StarTribe Hours,,5,"<div class=""views-field-phone"">
<label class=""views-label-phone"">
        Phone:
      </label>
<span class=""field-content"">786-424-0392</span>
</div>","Boulder, Colorado 80204",4,timebanks/startribe-hours,,http://startribehours.timebanks.org,
"2208 2nd Avenue, Suite 100",United States,1961,,4756,6 days 12 hours ago,50,SWEL Timebank,,105,"<div class=""views-field-phone"">
<label class=""views-label-phone"">
        Phone:
      </label>
<span class=""field-content"">206 727-6206</span>
</div>","Seattle, Washington 98121",93,timebanks/swel-timebank,"<div class=""views-field-field-tb-sponsor-value"">
<label class=""views-label-field-tb-sponsor-value"">
        Sponsoring Agency:
      </label>
<span class=""field-content"">Senior Services</span>
</div>",http://swel.timebanks.org,
"6827 4th Street, NW, #213",United States,29,,149,35 weeks 3 days ago,28,TakomaTime,,16,"<div class=""views-field-phone"">
<label class=""views-label-phone"">
        Phone:
      </label>
<span class=""field-content"">202-722-1727</span>
</div>","Washington, District Of Columbia 20012",9,timebanks/takomatime-0,,http://takomatime.timebanks.org,
254 Wilson St,United States,12,,52,44 weeks 4 days ago,12,Taney County Time Bank,,17,"<div class=""views-field-phone"">
<label class=""views-label-phone"">
        Phone:
      </label>
<span class=""field-content"">417-230-3685</span>
</div>","Branson, Missouri 65616",16,timebanks/taney-county-time-bank,,http://taneycounty.timebanks.org,
13 Lyn Street,New Zealand,2482,,5657,1 day 5 hours ago,287,Taranaki Timebank,,58,"<div class=""views-field-phone"">
<label class=""views-label-phone"">
        Phone:
      </label>
<span class=""field-content"">06 769 5505</span>
</div>","New Plymouth,  4310",60,timebanks/timebank-taranaki,"<div class=""views-field-field-tb-sponsor-value"">
<label class=""views-label-field-tb-sponsor-value"">
        Sponsoring Agency:
      </label>
<span class=""field-content"">Imagine Better</span>
</div>",http://taranaki.timebanks.org,
,,1,,1,23 weeks 6 days ago,3,test-launch-2018-07-28-2058,,0,,,0,timebanks/test-launch-2018-07-28-2058,,http://test-launch-2018-07-28-2058.timebanks.org,
"421 McBain Road, RR 2",Canada,1,,2,10 weeks 5 days ago,19,The Community Project (Scotsburn Area),,1,"<div class=""views-field-phone"">
<label class=""views-label-phone"">
        Phone:
      </label>
<span class=""field-content"">9023012530</span>
</div>","Scotsburn, Nova Scotia B0K 1R0",2,timebanks/community-project-scotsburn,,http://thecommunityproject.timebanks.org,
"38 Victoria St, Alicetown",New Zealand,2983,,6015,2 hours 54 min ago,266,The Hutt Timebank,,49,"<div class=""views-field-phone"">
<label class=""views-label-phone"">
        Phone:
      </label>
<span class=""field-content"">+64 45892646</span>
</div>","Lower Hutt,  5010",32,timebanks/hutt-south-timebank,"<div class=""views-field-field-tb-sponsor-value"">
<label class=""views-label-field-tb-sponsor-value"">
        Sponsoring Agency:
      </label>
<span class=""field-content"">Transition Town Lower Hutt</span>
</div>",http://huttsouth.timebanks.org,
"The Portal/The Info Centre, 20 Oxford Street",New Zealand,11920,,153364,1 week 4 days ago,859,The Lyttelton Time Bank,,14,"<div class=""views-field-phone"">
<label class=""views-label-phone"">
        Phone:
      </label>
<span class=""field-content"">64 21 047 6144</span>
</div>","Lyttelton, Canterbury 8082",29,node/990,,http://lyttelton.timebanks.org,
1416 44th St NE,United States,1,,2,1 year 50 weeks ago,10,The Sanctuary Intergenerational Senior Village,,1,"<div class=""views-field-phone"">
<label class=""views-label-phone"">
        Phone:
      </label>
<span class=""field-content"">(202) 742-6880</span>
</div>","Washington, District Of Columbia 20019",1,timebanks/sanctuary-intergenerational-senior-village,,http://sanctuaryseniorvillage.timebanks.org,
10615-D Tierrasanta Blvd.,United States,4512,,7863,4 weeks 4 days ago,65,Tierrasanta Village of San Diego,"Our Time Bank is a benefit of membership in Tierrasanta Village of San Diego (TVSD) a non profit 501(c)3.  Our Village is restricted to residents of Tierrasanta (an urban community within San Diego, California)  who are age 50 and older.",161,"<div class=""views-field-phone"">
<label class=""views-label-phone"">
        Phone:
      </label>
<span class=""field-content"">858-569-9119</span>
</div>","San Diego, California 92124",160,node/933,"<div class=""views-field-field-tb-sponsor-value"">
<label class=""views-label-field-tb-sponsor-value"">
        Sponsoring Agency:
      </label>
<span class=""field-content"">Tierrasanta Village of San Diego</span>
</div>",http://tierrasanta.timebanks.org,
1104 N. Broad St.,United States,3,,3,3 years 23 weeks ago,18,Time Bank of Galesburg,,0,"<div class=""views-field-phone"">
<label class=""views-label-phone"">
        Phone:
      </label>
<span class=""field-content"">3123809487</span>
</div>","Galesburg, Illinois 61401",0,timebanks/time-bank-galesburg,,http://galesburgil.timebanks.org,
548 Lake Shore Drive,United States,446,,1950,1 year 10 weeks ago,209,Time Bank of West Milford,,2,"<div class=""views-field-phone"">
<label class=""views-label-phone"">
        Phone:
      </label>
<span class=""field-content"">973 853-4134</span>
</div>","Hewitt, New Jersey 07421",2,node/883,"<div class=""views-field-field-tb-sponsor-value"">
<label class=""views-label-field-tb-sponsor-value"">
        Sponsoring Agency:
      </label>
<span class=""field-content"">Sustainable West Milford</span>
</div>",http://westmilford.timebanks.org,
42164 Cabot Trail,Canada,458,,888,15 hours 28 min ago,119,Time Bank St. Ann's Bay,,81,"<div class=""views-field-phone"">
<label class=""views-label-phone"">
        Phone:
      </label>
<span class=""field-content"">902-929-2399</span>
</div>","Wreck Cove, Nova Scotia B0C 1H0",79,timebanks/time-bank-st-anns-bay,"<div class=""views-field-field-tb-sponsor-value"">
<label class=""views-label-field-tb-sponsor-value"">
        Sponsoring Agency:
      </label>
<span class=""field-content"">St. Ann's Bay Development Association</span>
</div>",http://stannsbay.timebanks.org,
14 Ludstone Rd,New Zealand,21,,42,9 weeks 4 days ago,16,Time Exchange Kaikoura,,1,"<div class=""views-field-phone"">
<label class=""views-label-phone"">
        Phone:
      </label>
<span class=""field-content"">64278072874</span>
</div>","Kaikoura, Canterbury 7300",5,timebanks/kaikoura-time-exchange,"<div class=""views-field-field-tb-sponsor-value"">
<label class=""views-label-field-tb-sponsor-value"">
        Sponsoring Agency:
      </label>
<span class=""field-content"">Kaikoura Education Trust</span>
</div>",http://kaikoura.timebanks.org,
PO Box 75,United States,4534,,28667,1 day 4 hours ago,177,Time Initiative of Maine,,80,"<div class=""views-field-phone"">
<label class=""views-label-phone"">
        Phone:
      </label>
<span class=""field-content"">(207) 385-4238</span>
</div>","Augusta, Maine 04332",86,timebanks/time-initiative-maine,"<div class=""views-field-field-tb-sponsor-value"">
<label class=""views-label-field-tb-sponsor-value"">
        Sponsoring Agency:
      </label>
<span class=""field-content"">Resources for Organizing and Social Change</span>
</div>",http://mainetime.timebanks.org,
11F Settlers Crescent,New Zealand,26,,647,10 weeks 5 days ago,24,TimeBank Aotearoa New Zealand,,3,"<div class=""views-field-phone"">
<label class=""views-label-phone"">
        Phone:
      </label>
<span class=""field-content"">277391832</span>
</div>","Ferrymead, Canterbury 8023",3,timebanks/timebank-aotearoa-new-zealand,"<div class=""views-field-field-tb-sponsor-value"">
<label class=""views-label-field-tb-sponsor-value"">
        Sponsoring Agency:
      </label>
<span class=""field-content"">Project Lyttelton</span>
</div>",http://newzealand.timebanks.org,
51 Dineen Drive,Canada,95,,61,2 years 1 week ago,79,TimeBank Fredericton,,1,"<div class=""views-field-phone"">
<label class=""views-label-phone"">
        Phone:
      </label>
<span class=""field-content"">506-440-1858</span>
</div>","Fredericton, New Brunswick E3B 5G3",1,timebanks/timebank-fredericton,,http://tbfredericton.timebanks.org,
7345 Kula Hwy,United States,none (start up),,none (start up),none (start up),2,Timebank Hawai'i,,0,"<div class=""views-field-phone"">
<label class=""views-label-phone"">
        Phone:
      </label>
<span class=""field-content"">808-372-0804</span>
</div>","Kula, Hawaii 96790",0,timebanks/timebank-hawaii,"<div class=""views-field-field-tb-sponsor-value"">
<label class=""views-label-field-tb-sponsor-value"">
        Sponsoring Agency:
      </label>
<span class=""field-content"">Sweet Annie</span>
</div>",http://tbhawaii.timebanks.org,
"40 Chamberlain Avenue, Amberley Beach",New Zealand,3429,,14906,1 day 6 hours ago,340,TimeBank Hurunui,,21,"<div class=""views-field-phone"">
<label class=""views-label-phone"">
        Phone:
      </label>
<span class=""field-content"">+64 3 314 9448</span>
</div>","Amberley,  RD1",17,timebanks/timebank-hurunui,,http://hurunui.timebanks.org,
P.O. Box 46241,United States,441,,2953,11 weeks 5 days ago,165,TimeBank Indianapolis,,31,"<div class=""views-field-phone"">
<label class=""views-label-phone"">
        Phone:
      </label>
<span class=""field-content"">888-362-6588</span>
</div>","Indianapolis, Indiana 46241",32,timebanks/mcs-1-stop-central-indiana-community,,http://mcs1stopindy.timebanks.org,
102 Parnell Heights Drive,New Zealand,730,,1995,2 weeks 4 days ago,87,TimeBank Manawatu,,41,"<div class=""views-field-phone"">
<label class=""views-label-phone"">
        Phone:
      </label>
<span class=""field-content"">275950111</span>
</div>","Palmerston North, Manawatu-Wanganui 4414",49,timebanks/timebank-manawatu,,http://manawatu.timebanks.org,
"c/o Transition Town Media, 604 North Monroe Street",United States,3915,,16326,27 weeks 3 days ago,349,TimeBank Media,,10,"<div class=""views-field-phone"">
<label class=""views-label-phone"">
        Phone:
      </label>
<span class=""field-content"">610-209-4358</span>
</div>","Media, Pennsylvania 19063",9,node/946,"<div class=""views-field-field-tb-sponsor-value"">
<label class=""views-label-field-tb-sponsor-value"">
        Sponsoring Agency:
      </label>
<span class=""field-content"">Transition Town Media</span>
</div>",http://media.timebanks.org,
3412 Rt 134,Canada,712,,3020,2 days 16 hours ago,8,TimeBank New Brunswick,,44,"<div class=""views-field-phone"">
<label class=""views-label-phone"">
        Phone:
      </label>
<span class=""field-content"">506-530-5937</span>
</div>","Shediac, New Brunswick E4P3J3",45,timebanks/timebank-new-brunswick,,http://nb.timebanks.org,
"Bow Street, Town Hall",New Zealand,2213,,4990,20 hours 15 min ago,114,Timebank Raglan,,38,"<div class=""views-field-phone"">
<label class=""views-label-phone"">
        Phone:
      </label>
<span class=""field-content"">64 7 825 0480</span>
</div>","Raglan,  3265",29,timebanks/timebank-raglan,"<div class=""views-field-field-tb-sponsor-value"">
<label class=""views-label-field-tb-sponsor-value"">
        Sponsoring Agency:
      </label>
<span class=""field-content"">Whaingaroa Environment Centre</span>
</div>",http://raglan.timebanks.org,
"44 Norana Rd, Timberlea",New Zealand,1694,,8172,3 weeks 23 hours ago,72,TimeBank Upper Hutt,,27,"<div class=""views-field-phone"">
<label class=""views-label-phone"">
        Phone:
      </label>
<span class=""field-content"">6449342629</span>
</div>","Upper Hutt,  5018",24,timebanks/timebank-upper-hutt,,http://upperhutt.timebanks.org,
"510 Mt Thomas Rd, RD1",New Zealand,29,,85,2 weeks 6 days ago,23,Timebank Waimakariri,,9,"<div class=""views-field-phone"">
<label class=""views-label-phone"">
        Phone:
      </label>
<span class=""field-content"">33411383</span>
</div>","Rangiora, Canterbury 7471",7,timebanks/timebank-waimakariri,,http://waimakariri.timebanks.org,
1 S 1st St,United States,none (start up),,none (start up),none (start up),2,TimeBank13069,,0,"<div class=""views-field-phone"">
<label class=""views-label-phone"">
        Phone:
      </label>
<span class=""field-content"">315-516-5998</span>
</div>","Fulton, New York 13069",0,timebanks/timebank13069,,http://tb13069.timebanks.org,
"6619 132nd Avenue, NE, PMB #183",United States,2485,,5567,1 week 54 min ago,184,Timebanks of Puget Sound (TOPS),West Seattle TimeBank EastsideTimeBank Mercer IslandTimeBank Vashon IslandTimeBank,31,"<div class=""views-field-phone"">
<label class=""views-label-phone"">
        Phone:
      </label>
<span class=""field-content"">206-818-4606</span>
</div>","Kirkland, Washington 98033",29,timebanks/timebanks-puget-sound,,http://tops.timebanks.org,
"741-4, Doryang-dong",South Korea,9676,,36449,1 day 22 hours ago,639,timebankskorea,,1,"<div class=""views-field-phone"">
<label class=""views-label-phone"">
        Phone:
      </label>
<span class=""field-content"">82-2-10-9008-2992</span>
</div>","Gumi,  39198",1,timebanks/timebankskorea,"<div class=""views-field-field-tb-sponsor-value"">
<label class=""views-label-field-tb-sponsor-value"">
        Sponsoring Agency:
      </label>
<span class=""field-content"">John Center, Gumi, Korea</span>
</div>",http://korea.timebanks.org,
Yesha'ayahu 3,Israel,37,,63,3 years 32 weeks ago,33,TimeBankTLV,,4,"<div class=""views-field-phone"">
<label class=""views-label-phone"">
        Phone:
      </label>
<span class=""field-content"">544646695</span>
</div>","Tel Aviv, Tel Aviv 62494",4,timebanks/timebanktlv,,http://tlv.timebanks.org,
"5500 39th Street, NW",United States,314,,1559,5 weeks 10 hours ago,133,TimeForAll,,23,,"Washington, District Of Columbia 20015",29,timebanks/tbusa,,http://timeforall.timebanks.org,
"ARC of the Northwoods, 514 West Main Street",United States,579,,3717,1 year 30 weeks ago,96,TimeTraders North and the Washburn Area Timebank,,3,"<div class=""views-field-phone"">
<label class=""views-label-phone"">
        Phone:
      </label>
<span class=""field-content"">715-682-7171</span>
</div>","Ashland, Wisconsin 54806",3,node/835,,http://timetradersnorth.timebanks.org,
120 South Street,United States,19,,170,1 week 1 day ago,51,Together We Can,,3,"<div class=""views-field-phone"">
<label class=""views-label-phone"">
        Phone:
      </label>
<span class=""field-content"">845-432-4033</span>
</div>","Newburgh, New York 12550",6,timebanks/together-we-can,"<div class=""views-field-field-tb-sponsor-value"">
<label class=""views-label-field-tb-sponsor-value"">
        Sponsoring Agency:
      </label>
<span class=""field-content"">Individuals Making Positive Advancements in their Communities Together, Inc.</span>
</div>",http://togetherwecan.timebanks.org,
5833 Meetinghouse Rd,United States,136,,317,22 weeks 4 days ago,41,Tully Area TimeBank,,15,"<div class=""views-field-phone"">
<label class=""views-label-phone"">
        Phone:
      </label>
<span class=""field-content"">315-416-6629</span>
</div>","Tully, New York 13159",15,timebanks/tully-area-timebank,,http://tullyarea.timebanks.org,
1929 Hammerlin Avenue,United States,none (start up),,none (start up),none (start up),2,Ubuntu,,0,"<div class=""views-field-phone"">
<label class=""views-label-phone"">
        Phone:
      </label>
<span class=""field-content"">407-432-1597</span>
</div>","Winter Park, Florida 32789",0,timebanks/ubuntu,,http://ubuntu.timebanks.org,
"4200 Connecticut Ave NW, Building 38 2nd Floor",United States,1961,,7307,3 days 23 hours ago,328,UDC TimeBank,,5,"<div class=""views-field-phone"">
<label class=""views-label-phone"">
        Phone:
      </label>
<span class=""field-content"">not listed</span>
</div>","Washington, District Of Columbia 20008",2,timebanks/udc-timebank,,http://udc.timebanks.org,
310 Waiwhetu Road,New Zealand,186,,670,3 weeks 3 days ago,91,Unity Exchange,,13,"<div class=""views-field-phone"">
<label class=""views-label-phone"">
        Phone:
      </label>
<span class=""field-content"">273723385</span>
</div>","Lower Hutt, Wellington 5010",19,timebanks/unity-exchange,"<div class=""views-field-field-tb-sponsor-value"">
<label class=""views-label-field-tb-sponsor-value"">
        Sponsoring Agency:
      </label>
<span class=""field-content"">The Common Unity Project Aotearoa</span>
</div>",http://unityexchange.timebanks.org,
178 McCormick Road,United States,none (start up),,none (start up),none (start up),2,UVa Time Bank,,0,"<div class=""views-field-phone"">
<label class=""views-label-phone"">
        Phone:
      </label>
<span class=""field-content"">703-939-7835</span>
</div>","Charlottesville, Virginia 22903",0,timebanks/uva-time-bank,"<div class=""views-field-field-tb-sponsor-value"">
<label class=""views-label-field-tb-sponsor-value"">
        Sponsoring Agency:
      </label>
<span class=""field-content"">The University of Virginia</span>
</div>",http://uva.timebanks.org,
4424 Reef Road,United States,112,,217,2 years 51 weeks ago,36,Village Cooperative Exchange,,0,"<div class=""views-field-phone"">
<label class=""views-label-phone"">
        Phone:
      </label>
<span class=""field-content"">626-922-6023</span>
</div>","Marietta, Georgia 30066",0,timebanks/village-cooperative-exchange,,http://villagece.timebanks.org,
25 Ward Street,New Zealand,1913,,4686,18 weeks 4 days ago,245,Waikato TimeBank,,12,"<div class=""views-field-phone"">
<label class=""views-label-phone"">
        Phone:
      </label>
<span class=""field-content"">64 7 834 2249</span>
</div>","Hamilton,  3244",10,timebanks/hamilton-timebank,"<div class=""views-field-field-tb-sponsor-value"">
<label class=""views-label-field-tb-sponsor-value"">
        Sponsoring Agency:
      </label>
<span class=""field-content"">Hamilton Permaculture Trust</span>
</div>",http://waikato.timebanks.org,
"184 Kiriwhakapapa Road, RD 1",New Zealand,155,,314,4 weeks 19 hours ago,62,Wairarapa Timebank,,67,"<div class=""views-field-phone"">
<label class=""views-label-phone"">
        Phone:
      </label>
<span class=""field-content"">6463725866</span>
</div>","Masterton, Wairarapa, Wellington 5881",66,timebanks/wairarapa-timebank,,http://wairarapa.timebanks.org,
"35 Tulliemet Road, RD 8O",New Zealand,227,,372,47 weeks 3 hours ago,44,Waitaki TimeBank,,2,"<div class=""views-field-phone"">
<label class=""views-label-phone"">
        Phone:
      </label>
<span class=""field-content"">03 434 0999</span>
</div>","Oamaru,  9495",3,timebanks/timebank-waitaki,"<div class=""views-field-field-tb-sponsor-value"">
<label class=""views-label-field-tb-sponsor-value"">
        Sponsoring Agency:
      </label>
<span class=""field-content"">Natural Heritage Society</span>
</div>",http://waitaki.timebanks.org,
73 Brownston Street,New Zealand,57,,920,26 weeks 4 days ago,55,Wanaka Time Bank,,3,"<div class=""views-field-phone"">
<label class=""views-label-phone"">
        Phone:
      </label>
<span class=""field-content"">03 443 7799</span>
</div>","Wanaka, Otago 9305",3,timebanks/wanaka-time-bank,,http://wanaka.timebanks.org,
"Cnr Rintoul and Colombo Streets, Newtown",New Zealand,8507,,21863,1 week 1 day ago,589,Wellington Timebank,,75,"<div class=""views-field-phone"">
<label class=""views-label-phone"">
        Phone:
      </label>
<span class=""field-content"">(04) 920 6708</span>
</div>","Wellington,  6021",105,timebanks/wellington-south-time-bank,,http://wellingtonsouth.timebanks.org,
2201 W. Craig Rd,United States,35,,61,24 weeks 2 days ago,19,West Prairie Village Time Bank,,2,"<div class=""views-field-phone"">
<label class=""views-label-phone"">
        Phone:
      </label>
<span class=""field-content"">509-244-3469</span>
</div>","Spokane, Washington 99224",3,timebanks/west-prairie-village-time-bank,,http://westprairievillage.timebanks.org,
6338 38th Ave SW,United States,3382,,9657,10 hours 35 min ago,402,West Seattle Timebank,,64,"<div class=""views-field-phone"">
<label class=""views-label-phone"">
        Phone:
      </label>
<span class=""field-content"">2062613586</span>
</div>","Seattle, Washington 98126",78,timebanks/west-seattle,,http://westseattle.timebanks.org,
1575 Main Street,United States,1,,1,1 year 30 weeks ago,10,Western North Carolina Writers Time Bank,,0,"<div class=""views-field-phone"">
<label class=""views-label-phone"">
        Phone:
      </label>
<span class=""field-content"">423-413-3154</span>
</div>","Bryson City, North Carolina 28713",0,timebanks/western-north-carolina-writers-time-bank,,http://wncw.timebanks.org,
6038 Empress,Canada,20,,30,2 years 28 weeks ago,25,Windsor Essex Compassionate Community,,0,"<div class=""views-field-phone"">
<label class=""views-label-phone"">
        Phone:
      </label>
<span class=""field-content"">519-254-2581 ext. 2424</span>
</div>","Windsor, Ontario N8T 1B5",0,timebanks/windsor-essex-compassionate-community,"<div class=""views-field-field-tb-sponsor-value"">
<label class=""views-label-field-tb-sponsor-value"">
        Sponsoring Agency:
      </label>
<span class=""field-content"">The Hospice of Windsor and Essex County</span>
</div>",http://wecompassionatecommunity.timebanks.org,
1887 Jamestown Lane,United States,157,,1054,4 weeks 4 days ago,149,York Time Bank,,10,"<div class=""views-field-phone"">
<label class=""views-label-phone"">
        Phone:
      </label>
<span class=""field-content"">240-431-2736</span>
</div>","York, Pennsylvania 17408",8,timebanks/york-time-bank,,http://york.timebanks.org,
